Article ID,Time Spent727,9.483359
727,13.470322
727,63.071784
199,19.061999
199,77.090724
728,12.243412
