Article ID,Time Spent
487,21.547164
1004,31.007732
1057,106.945093
874,6.885522
889,17.920912
873,7.837663
1041,8.028263
