Article ID,Time Spent
5,43.751798
2,12.317079
2,90.267284
